steps,mean,std
10,50.28891703333405,5.650991466082265
