defense_label,FGSM,PGD-40
FGSM,98.63199999999999,97.884
PGD-10,98.36,98.28200000000001
PGD-20,98.616,98.54400000000001
PGD-40,98.68199999999999,98.61800000000001
PGD-5,97.784,97.634
