defense_label,FGSM,PGD-40
Undefended,58.891999999999996,5.68
FGSM,96.76599999999999,74.53999999999999
PGD-5,92.15599999999999,79.518
PGD-10,94.462,89.738
PGD-20,96.56800000000001,94.874
PGD-40,97.13199999999999,95.88
