defense_label,FGSM,PGD-40
FGSM,97.04400000000001,82.566
PGD-10,94.888,93.03999999999999
PGD-20,96.61,95.964
PGD-40,96.732,96.11
PGD-5,91.748,85.75
