steps,mean,std
10,47.122372728571854,4.99444180751738
