steps,mean,std
5.0,31.3264326171409,3.6821294146584704
10.0,61.571911199999576,11.739328886016459
20.0,116.02478052856999,19.541622338873623
40.0,214.5622964771423,33.48523542905915
