steps,mean,std
5.0,6.949266060009332,0.2982340045533062
10.0,13.189468142852586,1.1976759503128875
20.0,22.86995460284608,1.0332002692791555
40.0,43.79484669713503,1.1477224798918382
