steps,mean,std
10,41.19172766666452,2.9373719669916194
