seed,epoch,train_loss,train_accuracy,test_loss,test_accuracy
0,5,0.014748159819448589,99.525,0.036556288156557426,98.93
